{
  "anchors": [
    5.03,
    6.44,
    6.38,
    4.31,
    3.5,
    6.09,
    6.16,
    2.91,
    1.75,
    1.69
  ],
  "inputs": {
    "input0": [
      224,
      224,
      3
    ]
  },
  "outputs": {
    "output0": [
      7,
      7,
      35
    ]
  },
  "params_quantity": 1859891,
  "loss": [
    [
      1,
      1.94908
    ],
    [
      2,
      1.51136
    ],
    [
      3,
      1.02082
    ],
    [
      4,
      0.98063
    ],
    [
      5,
      1.32136
    ],
    [
      6,
      1.15256
    ],
    [
      7,
      0.63429
    ],
    [
      8,
      0.52049
    ],
    [
      9,
      0.34503
    ],
    [
      10,
      0.26632
    ],
    [
      11,
      0.2012
    ],
    [
      12,
      0.16204
    ],
    [
      13,
      0.17245
    ],
    [
      14,
      0.1316
    ],
    [
      15,
      0.10275
    ],
    [
      16,
      0.0841
    ],
    [
      17,
      0.0706
    ],
    [
      18,
      0.06185
    ],
    [
      19,
      0.05625
    ],
    [
      20,
      0.04922
    ],
    [
      21,
      0.0483
    ],
    [
      22,
      0.04474
    ],
    [
      23,
      0.03888
    ],
    [
      24,
      0.04001
    ],
    [
      25,
      0.03681
    ],
    [
      26,
      0.03426
    ],
    [
      27,
      0.03013
    ],
    [
      28,
      0.02959
    ],
    [
      29,
      0.02841
    ],
    [
      30,
      0.02653
    ],
    [
      31,
      0.02561
    ],
    [
      32,
      0.02401
    ],
    [
      33,
      0.02314
    ],
    [
      34,
      0.02187
    ],
    [
      35,
      0.06444
    ],
    [
      36,
      0.09382
    ],
    [
      37,
      0.07344
    ],
    [
      38,
      0.0449
    ],
    [
      39,
      0.03356
    ],
    [
      40,
      0.02848
    ],
    [
      41,
      0.02388
    ],
    [
      42,
      0.02043
    ],
    [
      43,
      0.01972
    ],
    [
      44,
      0.01892
    ],
    [
      45,
      0.01754
    ],
    [
      46,
      0.01582
    ],
    [
      47,
      0.01537
    ],
    [
      48,
      0.01478
    ],
    [
      49,
      0.01397
    ],
    [
      50,
      0.01343
    ],
    [
      51,
      0.01342
    ],
    [
      52,
      0.01308
    ],
    [
      53,
      0.01261
    ],
    [
      54,
      0.01307
    ],
    [
      55,
      0.01191
    ],
    [
      56,
      0.0117
    ],
    [
      57,
      0.01131
    ],
    [
      58,
      0.0112
    ],
    [
      59,
      0.011
    ],
    [
      60,
      0.01043
    ],
    [
      61,
      0.01144
    ],
    [
      62,
      0.01092
    ],
    [
      63,
      0.01097
    ],
    [
      64,
      0.01064
    ],
    [
      65,
      0.01057
    ],
    [
      66,
      0.0102
    ],
    [
      67,
      0.00964
    ],
    [
      68,
      0.00984
    ],
    [
      69,
      0.0098
    ],
    [
      70,
      0.00959
    ],
    [
      71,
      0.00931
    ],
    [
      72,
      0.0089
    ],
    [
      73,
      0.00882
    ],
    [
      74,
      0.00838
    ],
    [
      75,
      0.00846
    ],
    [
      76,
      0.00856
    ],
    [
      77,
      0.00847
    ],
    [
      78,
      0.00829
    ],
    [
      79,
      0.00823
    ],
    [
      80,
      0.00795
    ],
    [
      81,
      0.00804
    ],
    [
      82,
      0.00778
    ],
    [
      83,
      0.00775
    ],
    [
      84,
      0.00773
    ],
    [
      85,
      0.00762
    ],
    [
      86,
      0.00747
    ],
    [
      87,
      0.00703
    ],
    [
      88,
      0.00737
    ],
    [
      89,
      0.00743
    ],
    [
      90,
      0.00751
    ],
    [
      91,
      0.00695
    ],
    [
      92,
      0.00692
    ],
    [
      93,
      0.0066
    ],
    [
      94,
      0.00679
    ],
    [
      95,
      0.00694
    ],
    [
      96,
      0.00687
    ],
    [
      97,
      0.00683
    ],
    [
      98,
      0.0069
    ],
    [
      99,
      0.00661
    ],
    [
      100,
      0.00603
    ]
  ],
  "acc": [
    [
      1,
      0.1905
    ],
    [
      2,
      0.20318
    ],
    [
      3,
      0.19632
    ],
    [
      4,
      0.1849
    ],
    [
      5,
      0.18097
    ],
    [
      6,
      0.11756
    ],
    [
      7,
      0.11583
    ],
    [
      8,
      0.12312
    ],
    [
      9,
      0.14479
    ],
    [
      10,
      0.14793
    ],
    [
      11,
      0.15237
    ],
    [
      12,
      0.1548
    ],
    [
      13,
      0.15677
    ],
    [
      14,
      0.15793
    ],
    [
      15,
      0.1631
    ],
    [
      16,
      0.16314
    ],
    [
      17,
      0.15987
    ],
    [
      18,
      0.16338
    ],
    [
      19,
      0.16436
    ],
    [
      20,
      0.16591
    ],
    [
      21,
      0.16628
    ],
    [
      22,
      0.16224
    ],
    [
      23,
      0.16272
    ],
    [
      24,
      0.16194
    ],
    [
      25,
      0.16265
    ],
    [
      26,
      0.16228
    ],
    [
      27,
      0.16464
    ],
    [
      28,
      0.16428
    ],
    [
      29,
      0.16484
    ],
    [
      30,
      0.16331
    ],
    [
      31,
      0.16672
    ],
    [
      32,
      0.16606
    ],
    [
      33,
      0.16444
    ],
    [
      34,
      0.16421
    ],
    [
      35,
      0.16955
    ],
    [
      36,
      0.16776
    ],
    [
      37,
      0.1624
    ],
    [
      38,
      0.1639
    ],
    [
      39,
      0.16043
    ],
    [
      40,
      0.16314
    ],
    [
      41,
      0.16527
    ],
    [
      42,
      0.16367
    ],
    [
      43,
      0.16279
    ],
    [
      44,
      0.16314
    ],
    [
      45,
      0.16339
    ],
    [
      46,
      0.1649
    ],
    [
      47,
      0.1632
    ],
    [
      48,
      0.16379
    ],
    [
      49,
      0.16293
    ],
    [
      50,
      0.1629
    ],
    [
      51,
      0.16432
    ],
    [
      52,
      0.16398
    ],
    [
      53,
      0.16381
    ],
    [
      54,
      0.16539
    ],
    [
      55,
      0.16539
    ],
    [
      56,
      0.16314
    ],
    [
      57,
      0.16496
    ],
    [
      58,
      0.16505
    ],
    [
      59,
      0.1657
    ],
    [
      60,
      0.16531
    ],
    [
      61,
      0.16516
    ],
    [
      62,
      0.16588
    ],
    [
      63,
      0.16315
    ],
    [
      64,
      0.16338
    ],
    [
      65,
      0.16274
    ],
    [
      66,
      0.1635
    ],
    [
      67,
      0.16495
    ],
    [
      68,
      0.16398
    ],
    [
      69,
      0.1641
    ],
    [
      70,
      0.16398
    ],
    [
      71,
      0.16421
    ],
    [
      72,
      0.16539
    ],
    [
      73,
      0.16639
    ],
    [
      74,
      0.16332
    ],
    [
      75,
      0.16406
    ],
    [
      76,
      0.16417
    ],
    [
      77,
      0.1634
    ],
    [
      78,
      0.16327
    ],
    [
      79,
      0.16483
    ],
    [
      80,
      0.16464
    ],
    [
      81,
      0.1628
    ],
    [
      82,
      0.16222
    ],
    [
      83,
      0.16301
    ],
    [
      84,
      0.16253
    ],
    [
      85,
      0.1634
    ],
    [
      86,
      0.16447
    ],
    [
      87,
      0.16592
    ],
    [
      88,
      0.16508
    ],
    [
      89,
      0.164
    ],
    [
      90,
      0.16314
    ],
    [
      91,
      0.1642
    ],
    [
      92,
      0.16174
    ],
    [
      93,
      0.16321
    ],
    [
      94,
      0.16612
    ],
    [
      95,
      0.16646
    ],
    [
      96,
      0.16406
    ],
    [
      97,
      0.16375
    ],
    [
      98,
      0.16353
    ],
    [
      99,
      0.16486
    ],
    [
      100,
      0.16478
    ]
  ],
  "lr": [
    [
      1,
      0.001
    ],
    [
      2,
      0.00098
    ],
    [
      3,
      0.00095
    ],
    [
      4,
      0.00093
    ],
    [
      5,
      0.00091
    ],
    [
      6,
      0.00089
    ],
    [
      7,
      0.00087
    ],
    [
      8,
      0.00085
    ],
    [
      9,
      0.00083
    ],
    [
      10,
      0.00081
    ],
    [
      11,
      0.00079
    ],
    [
      12,
      0.00078
    ],
    [
      13,
      0.00076
    ],
    [
      14,
      0.00074
    ],
    [
      15,
      0.00072
    ],
    [
      16,
      0.00071
    ],
    [
      17,
      0.00069
    ],
    [
      18,
      0.00068
    ],
    [
      19,
      0.00066
    ],
    [
      20,
      0.00065
    ],
    [
      21,
      0.00063
    ],
    [
      22,
      0.00062
    ],
    [
      23,
      0.0006
    ],
    [
      24,
      0.00059
    ],
    [
      25,
      0.00058
    ],
    [
      26,
      0.00056
    ],
    [
      27,
      0.00055
    ],
    [
      28,
      0.00054
    ],
    [
      29,
      0.00052
    ],
    [
      30,
      0.00051
    ],
    [
      31,
      0.0005
    ],
    [
      32,
      0.00049
    ],
    [
      33,
      0.00048
    ],
    [
      34,
      0.00047
    ],
    [
      35,
      0.00046
    ],
    [
      36,
      0.00045
    ],
    [
      37,
      0.00044
    ],
    [
      38,
      0.00043
    ],
    [
      39,
      0.00042
    ],
    [
      40,
      0.00041
    ],
    [
      41,
      0.0004
    ],
    [
      42,
      0.00039
    ],
    [
      43,
      0.00038
    ],
    [
      44,
      0.00037
    ],
    [
      45,
      0.00036
    ],
    [
      46,
      0.00035
    ],
    [
      47,
      0.00035
    ],
    [
      48,
      0.00034
    ],
    [
      49,
      0.00033
    ],
    [
      50,
      0.00032
    ],
    [
      51,
      0.00032
    ],
    [
      52,
      0.00031
    ],
    [
      53,
      0.0003
    ],
    [
      54,
      0.0003
    ],
    [
      55,
      0.00029
    ],
    [
      56,
      0.00028
    ],
    [
      57,
      0.00028
    ],
    [
      58,
      0.00027
    ],
    [
      59,
      0.00026
    ],
    [
      60,
      0.00026
    ],
    [
      61,
      0.00025
    ],
    [
      62,
      0.00025
    ],
    [
      63,
      0.00024
    ],
    [
      64,
      0.00023
    ],
    [
      65,
      0.00023
    ],
    [
      66,
      0.00022
    ],
    [
      67,
      0.00022
    ],
    [
      68,
      0.00021
    ],
    [
      69,
      0.00021
    ],
    [
      70,
      0.0002
    ],
    [
      71,
      0.0002
    ],
    [
      72,
      0.00019
    ],
    [
      73,
      0.00019
    ],
    [
      74,
      0.00019
    ],
    [
      75,
      0.00018
    ],
    [
      76,
      0.00018
    ],
    [
      77,
      0.00017
    ],
    [
      78,
      0.00017
    ],
    [
      79,
      0.00017
    ],
    [
      80,
      0.00016
    ],
    [
      81,
      0.00016
    ],
    [
      82,
      0.00015
    ],
    [
      83,
      0.00015
    ],
    [
      84,
      0.00015
    ],
    [
      85,
      0.00014
    ],
    [
      86,
      0.00014
    ],
    [
      87,
      0.00014
    ],
    [
      88,
      0.00013
    ],
    [
      89,
      0.00013
    ],
    [
      90,
      0.00013
    ],
    [
      91,
      0.00013
    ],
    [
      92,
      0.00012
    ],
    [
      93,
      0.00012
    ],
    [
      94,
      0.00012
    ],
    [
      95,
      0.00011
    ],
    [
      96,
      0.00011
    ],
    [
      97,
      0.00011
    ],
    [
      98,
      0.00011
    ],
    [
      99,
      0.0001
    ],
    [
      100,
      0.0001
    ]
  ],
  "val_acc": [
    [
      10,
      0.27143
    ],
    [
      20,
      0.71711
    ],
    [
      30,
      0.74674
    ],
    [
      40,
      0.77934
    ],
    [
      50,
      0.77737
    ],
    [
      60,
      0.78211
    ],
    [
      70,
      0.77536
    ],
    [
      80,
      0.78463
    ],
    [
      90,
      0.78513
    ],
    [
      100,
      0.78146
    ]
  ],
  "AP_Authorized": [
    [
      10,
      0.27013
    ],
    [
      20,
      0.71753
    ],
    [
      30,
      0.77863
    ],
    [
      40,
      0.76665
    ],
    [
      50,
      0.77696
    ],
    [
      60,
      0.76984
    ],
    [
      70,
      0.76119
    ],
    [
      80,
      0.77013
    ],
    [
      90,
      0.77209
    ],
    [
      100,
      0.76518
    ]
  ],
  "AP_UnAuthorized": [
    [
      10,
      0.27273
    ],
    [
      20,
      0.71668
    ],
    [
      30,
      0.71484
    ],
    [
      40,
      0.79202
    ],
    [
      50,
      0.77778
    ],
    [
      60,
      0.79437
    ],
    [
      70,
      0.78953
    ],
    [
      80,
      0.79913
    ],
    [
      90,
      0.79816
    ],
    [
      100,
      0.79773
    ]
  ],
  "mean": 123.5,
  "std": 58.395,
  "label_type": "detection",
  "data_type": "image",
  "labels": [
    "Authorized",
    "UnAuthorized"
  ],
  "best_eval": {
    "epoch": 90,
    "val_acc": 0.785,
    "val_info": [
      {
        "name": "5901cc24ad224c85bcb7a308fcc4d1b5.jpg",
        "nickname": "1644198_1108_jpg.rf.c35adb4fae106dfb09e1909b42268eba.jpg",
        "pred": [
          [
            23,
            126,
            384,
            303,
            0.7701511979103088,
            0.0
          ],
          [
            81,
            85,
            415,
            332,
            0.7738242149353027,
            1.0
          ]
        ],
        "gt": [
          [
            7,
            82,
            412,
            332,
            1.0,
            1.0
          ]
        ],
        "ok": false
      },
      {
        "name": "85d6ab63464c4184a4153eee2bd05631.jpg",
        "nickname": "769665_784_jpg.rf.fb4a56b1cf0c565c0a26f64a6920b5db.jpg",
        "pred": [
          [
            111,
            15,
            326,
            391,
            0.8976810574531555,
            0.0
          ],
          [
            124,
            94,
            320,
            404,
            0.6640545725822449,
            1.0
          ]
        ],
        "gt": [
          [
            95,
            24,
            299,
            384,
            1.0,
            0.0
          ]
        ],
        "ok": false
      },
      {
        "name": "a7397d76add54b35b53309f42ea6c9fd.jpg",
        "nickname": "2961566_433_jpg.rf.9ac5b917f7812de75115fa3441d3a488.jpg",
        "pred": [
          [
            43,
            28,
            364,
            394,
            0.9042956233024597,
            0.0
          ],
          [
            34,
            177,
            376,
            449,
            0.6521375775337219,
            1.0
          ]
        ],
        "gt": [
          [
            26,
            13,
            407,
            414,
            1.0,
            0.0
          ]
        ],
        "ok": false
      },
      {
        "name": "5a1cc6a6a4c34ddabd41948a077ce02f.jpg",
        "nickname": "444934_335_jpg.rf.94168b9aa8f2c0f8d78b8c7047a235ec.jpg",
        "pred": [
          [
            28,
            124,
            393,
            366,
            0.6671647429466248,
            0.0
          ],
          [
            43,
            106,
            379,
            354,
            0.799994170665741,
            1.0
          ]
        ],
        "gt": [
          [
            20,
            100,
            329,
            358,
            1.0,
            1.0
          ]
        ],
        "ok": false
      },
      {
        "name": "cb023e133a0e43bcbb31c284823e9536.jpg",
        "nickname": "2843695_jpg.rf.2192e6bdf0445ba4ed11e10d872d5b45.jpg",
        "pred": [
          [
            5,
            95,
            416,
            371,
            0.904623806476593,
            0.0
          ],
          [
            91,
            29,
            411,
            376,
            0.6771042346954346,
            1.0
          ]
        ],
        "gt": [
          [
            6,
            35,
            409,
            381,
            1.0,
            0.0
          ]
        ],
        "ok": false
      },
      {
        "name": "cae7a857e034451d8f44fd7b84d5f1c0.jpg",
        "nickname": "3014267_430_jpg.rf.784225206f1b1636b664dc5a00ca73f3.jpg",
        "pred": [
          [
            28,
            110,
            380,
            265,
            0.6754466891288757,
            0.0
          ],
          [
            14,
            73,
            381,
            251,
            0.8209196329116821,
            1.0
          ]
        ],
        "gt": [
          [
            32,
            80,
            396,
            243,
            1.0,
            1.0
          ]
        ],
        "ok": false
      },
      {
        "name": "2848bfbac81440f7bd064b44497f6ea0.jpg",
        "nickname": "2189783_61_jpg.rf.f3a898b7950ec35f04fbf96119c9a8fe.jpg",
        "pred": [
          [
            15,
            107,
            409,
            289,
            0.9210822582244873,
            1.0
          ]
        ],
        "gt": [
          [
            17,
            97,
            403,
            303,
            1.0,
            1.0
          ]
        ],
        "ok": true
      },
      {
        "name": "d6c4d882887f4a3bb8abd1097658c67a.jpg",
        "nickname": "116565_710_jpg.rf.8e03d51daaf8789359c4c65f4632dcfb.jpg",
        "pred": [
          [
            61,
            26,
            346,
            378,
            0.9746187329292297,
            0.0
          ]
        ],
        "gt": [
          [
            84,
            65,
            303,
            370,
            1.0,
            0.0
          ]
        ],
        "ok": true
      },
      {
        "name": "2a32017a30274767b945cb05c59dd934.jpg",
        "nickname": "2701226_296_jpg.rf.978f13942fa78227ef57d51a25072156.jpg",
        "pred": [
          [
            104,
            13,
            320,
            383,
            0.7775511741638184,
            1.0
          ]
        ],
        "gt": [
          [
            134,
            41,
            338,
            379,
            1.0,
            1.0
          ]
        ],
        "ok": true
      },
      {
        "name": "b7d10f03977c4044b091330d67eacf9b.jpg",
        "nickname": "2083142_234_jpg.rf.e6519801e20add6e5333657f5246028c.jpg",
        "pred": [
          [
            52,
            29,
            334,
            381,
            0.9374566078186035,
            1.0
          ]
        ],
        "gt": [
          [
            106,
            28,
            288,
            366,
            1.0,
            1.0
          ]
        ],
        "ok": true
      },
      {
        "name": "aa99a3ab3b4a4432b5ec706895a472ad.jpg",
        "nickname": "2788245_jpg.rf.1299cce21f06b716d5c0de190bfbb62d.jpg",
        "pred": [
          [
            37,
            25,
            340,
            394,
            0.711675226688385,
            0.0
          ]
        ],
        "gt": [
          [
            45,
            0,
            357,
            373,
            1.0,
            0.0
          ]
        ],
        "ok": true
      },
      {
        "name": "33f6d775d3484128b6e415790acf079f.jpg",
        "nickname": "1457424_365_jpg.rf.06d8781efd82c77dbd09e83c54e4147f.jpg",
        "pred": [
          [
            32,
            104,
            389,
            288,
            0.9595987796783447,
            0.0
          ]
        ],
        "gt": [
          [
            22,
            113,
            381,
            299,
            1.0,
            0.0
          ]
        ],
        "ok": true
      }
    ]
  }
}